{
  "products": [{
      "id": 1,
      "name": "Nicol Bolas",
      "price": 30,
      "description": "Era considerato uno dei più potenti planeswalker ed è uno dei più antichi esseri viventi del Multiverso. Tiranno dei mondi, Nicol Bolas era una forza di brutale distruzione.",
      "origine": "Dominatore",
      "eta": "-25.000 A.R",
      "razza": "Antico Drago",
      "titolo": "Imperatore di Madar",
      "elemento": "Acqua - Ombra",
      "natura": "Aggressiva",
      "altezza": "15",
      "peso": "90 ton",
      "rarita": "Leggendaria",
      "stampa": "2020",
      "tipo": "Creatura",
      "edizione": "10-C-XTS",
      "mazzo": "Drago del Chaos",
      "effetto": "Si",
      "utilizzo": "Max 2 per mazzo"

    },

    {
      "id": 2,
      "name": "Ghalta, Primal Hunger",
      "price": 25,
      "description": "Era considerato uno dei più potenti planeswalker ed è uno dei più antichi esseri viventi del Multiverso. Tiranno dei mondi, Nicol Bolas era una forza di brutale distruzione.",
      "origine": "Dominatore",
      "eta": "-25.000 A.R",
      "razza": "Antico Drago",
      "titolo": "Imperatore di Madar",
      "elemento": "Acqua - Ombra",
      "natura": "Aggressiva",
      "altezza": "15",
      "peso": "90 ton",
      "rarita": "Leggendaria",
      "stampa": "2020",
      "tipo": "Creatura",
      "edizione": "10-C-XTS",
      "mazzo": "Drago del Chaos",
      "effetto": "Si",
      "utilizzo": "Max 2 per mazzo"

    },

    {
      "id": 3,
      "name": "Prognostic Sphinx",
      "price": 17,
      "description": "Era considerato uno dei più potenti planeswalker ed è uno dei più antichi esseri viventi del Multiverso. Tiranno dei mondi, Nicol Bolas era una forza di brutale distruzione.",
      "origine": "Dominatore",
      "eta": "-25.000 A.R",
      "razza": "Antico Drago",
      "titolo": "Imperatore di Madar",
      "elemento": "Acqua - Ombra",
      "natura": "Aggressiva",
      "altezza": "15",
      "peso": "90 ton",
      "rarita": "Leggendaria",
      "stampa": "2020",
      "tipo": "Creatura",
      "edizione": "10-C-XTS",
      "mazzo": "Drago del Chaos",
      "effetto": "Si",
      "utilizzo": "Max 2 per mazzo"

    },

    {
      "id": 4,
      "name": "Utvara Hellkite",
      "price": 25,
      "description": "Era considerato uno dei più potenti planeswalker ed è uno dei più antichi esseri viventi del Multiverso. Tiranno dei mondi, Nicol Bolas era una forza di brutale distruzione.",
      "origine": "Dominatore",
      "eta": "-25.000 A.R",
      "razza": "Antico Drago",
      "titolo": "Imperatore di Madar",
      "elemento": "Acqua - Ombra",
      "natura": "Aggressiva",
      "altezza": "15",
      "peso": "90 ton",
      "rarita": "Leggendaria",
      "stampa": "2020",
      "tipo": "Creatura",
      "edizione": "10-C-XTS",
      "mazzo": "Drago del Chaos",
      "effetto": "Si",
      "utilizzo": "Max 2 per mazzo"

    },

    {
      "id": 5,
      "name": "Xyris, the Writhing",
      "price": 22,
      "description": "Era considerato uno dei più potenti planeswalker ed è uno dei più antichi esseri viventi del Multiverso. Tiranno dei mondi, Nicol Bolas era una forza di brutale distruzione.",
      "origine": "Dominatore",
      "eta": "-25.000 A.R",
      "razza": "Antico Drago",
      "titolo": "Imperatore di Madar",
      "elemento": "Acqua - Ombra",
      "natura": "Aggressiva",
      "altezza": "15",
      "peso": "90 ton",
      "rarita": "Leggendaria",
      "stampa": "2020",
      "tipo": "Creatura",
      "edizione": "10-C-XTS",
      "mazzo": "Drago del Chaos",
      "effetto": "Si",
      "utilizzo": "Max 2 per mazzo"

    },

    {
      "id": 6,
      "name": "Flamewake Phoenix",
      "price": 27,
      "description": "Era considerato uno dei più potenti planeswalker ed è uno dei più antichi esseri viventi del Multiverso. Tiranno dei mondi, Nicol Bolas era una forza di brutale distruzione.",
      "origine": "Dominatore",
      "eta": "-25.000 A.R",
      "razza": "Antico Drago",
      "titolo": "Imperatore di Madar",
      "elemento": "Acqua - Ombra",
      "natura": "Aggressiva",
      "altezza": "15",
      "peso": "90 ton",
      "rarita": "Leggendaria",
      "stampa": "2020",
      "tipo": "Creatura",
      "edizione": "10-C-XTS",
      "mazzo": "Drago del Chaos",
      "effetto": "Si",
      "utilizzo": "Max 2 per mazzo"

    },

    {
      "id": 7,
      "name": "Enlisted Wurm",
      "price": 55,
      "description": "Era considerato uno dei più potenti planeswalker ed è uno dei più antichi esseri viventi del Multiverso. Tiranno dei mondi, Nicol Bolas era una forza di brutale distruzione.",
      "origine": "Dominatore",
      "eta": "-25.000 A.R",
      "razza": "Antico Drago",
      "titolo": "Imperatore di Madar",
      "elemento": "Acqua - Ombra",
      "natura": "Aggressiva",
      "altezza": "15",
      "peso": "90 ton",
      "rarita": "Leggendaria",
      "stampa": "2020",
      "tipo": "Creatura",
      "edizione": "10-C-XTS",
      "mazzo": "Drago del Chaos",
      "effetto": "Si",
      "utilizzo": "Max 2 per mazzo"

    },

    {
      "id": 8,
      "name": "Pelakka Wurn",
      "price": 64,
      "description": "Era considerato uno dei più potenti planeswalker ed è uno dei più antichi esseri viventi del Multiverso. Tiranno dei mondi, Nicol Bolas era una forza di brutale distruzione.",
      "origine": "Dominatore",
      "eta": "-25.000 A.R",
      "razza": "Antico Drago",
      "titolo": "Imperatore di Madar",
      "elemento": "Acqua - Ombra",
      "natura": "Aggressiva",
      "altezza": "15",
      "peso": "90 ton",
      "rarita": "Leggendaria",
      "stampa": "2020",
      "tipo": "Creatura",
      "edizione": "10-C-XTS",
      "mazzo": "Drago del Chaos",
      "effetto": "Si",
      "utilizzo": "Max 2 per mazzo"

    },

    {
      "id": 9,
      "name": "Serra Angel",
      "price": 38,
      "description": "Era considerato uno dei più potenti planeswalker ed è uno dei più antichi esseri viventi del Multiverso. Tiranno dei mondi, Nicol Bolas era una forza di brutale distruzione.",
      "origine": "Dominatore",
      "eta": "-25.000 A.R",
      "razza": "Antico Drago",
      "titolo": "Imperatore di Madar",
      "elemento": "Acqua - Ombra",
      "natura": "Aggressiva",
      "altezza": "15",
      "peso": "90 ton",
      "rarita": "Leggendaria",
      "stampa": "2020",
      "tipo": "Creatura",
      "edizione": "10-C-XTS",
      "mazzo": "Drago del Chaos",
      "effetto": "Si",
      "utilizzo": "Max 2 per mazzo"

    },

    {
      "id": 10,
      "name": "Nightfire Giant",
      "price": 95,
      "description": "Era considerato uno dei più potenti planeswalker ed è uno dei più antichi esseri viventi del Multiverso. Tiranno dei mondi, Nicol Bolas era una forza di brutale distruzione.",
      "origine": "Dominatore",
      "eta": "-25.000 A.R",
      "razza": "Antico Drago",
      "titolo": "Imperatore di Madar",
      "elemento": "Acqua - Ombra",
      "natura": "Aggressiva",
      "altezza": "15",
      "peso": "90 ton",
      "rarita": "Leggendaria",
      "stampa": "2020",
      "tipo": "Creatura",
      "edizione": "10-C-XTS",
      "mazzo": "Drago del Chaos",
      "effetto": "Si",
      "utilizzo": "Max 2 per mazzo"

    }
  ],
  "prices": [{
      "type": "1-Giorno",
      "price": 25.99
    },
    {
      "type": "2-Giorni",
      "price": 9.99
    },
    {
      "type": "5-Giorni",
      "price": 2.99
    }
  ]
}
